Time,Cycle,Address_Buffer, Operation_Buffer,Data_Buffer, Index_buffer, Tag_Buffer, Offset_buffer, Tag_Old, Tag_New, Data_Old, Data_New, mem_inst_q_alloc, mem_inst_q_op, mem_data_q_alloc, mem_data_q_op, ic_inst_q_alloc, ic_inst_q_op, ic_data_q_alloc, ic_data_q_op,dc_inst_q_alloc, dc_inst_q_op, dc_data_q_alloc, dc_data_q_op,
                  56,          4,32'h00000081 ,    RD,128'h00000000000000000000000000000000 ,9'h004 ,18'h00000 ,4'h1 ,18'h00000_18'h00000_18'h00000_18'h00000_18'h00000_18'h00000_18'h00000_18'h00000 ,18'h00000_18'h00000_18'h00000_18'h00000_18'h00000_18'h00000_18'h00000_18'h00000,4'h0_4'h0_4'h0_4'h0_4'h0_4'h0_4'h0_4'h0,4'h1_4'h0_4'h0_4'h0_4'h0_4'h0_4'h0_4'h0,1'h3,     RD,1'h0,   NOOP,1'h0,   NOOP,1'h0,   NOOP,1'h0,   NOOP,1'h0,   NOOP,     I$,    MEM, 32'h00000081, 128'h00000000000000000000000000000000
                  66,          5,32'h000000c1 ,    RD,128'h00000000000000000000000000000000 ,9'h006 ,18'h00000 ,4'h1 ,18'h00000_18'h00000_18'h00000_18'h00000_18'h00000_18'h00000_18'h00000_18'h00000 ,18'h00000_18'h00000_18'h00000_18'h00000_18'h00000_18'h00000_18'h00000_18'h00000,4'h0_4'h0_4'h0_4'h0_4'h0_4'h0_4'h0_4'h0,4'h1_4'h0_4'h0_4'h0_4'h0_4'h0_4'h0_4'h0,1'h3,     RD,1'h0,   NOOP,1'h0,   NOOP,1'h0,   NOOP,1'h0,   NOOP,1'h0,   NOOP,     I$,    MEM, 32'h000000c1, 128'h00000000000000000000000000000000
                  76,          6,32'h00000101 ,    RD,128'h00000000000000000000000000000000 ,9'h008 ,18'h00000 ,4'h1 ,18'h00000_18'h00000_18'h00000_18'h00000_18'h00000_18'h00000_18'h00000_18'h00000 ,18'h00000_18'h00000_18'h00000_18'h00000_18'h00000_18'h00000_18'h00000_18'h00000,4'h0_4'h0_4'h0_4'h0_4'h0_4'h0_4'h0_4'h0,4'h1_4'h0_4'h0_4'h0_4'h0_4'h0_4'h0_4'h0,1'h3,     RD,1'h0,   NOOP,1'h0,   NOOP,1'h0,   NOOP,1'h0,   NOOP,1'h0,   NOOP,     I$,    MEM, 32'h00000101, 128'h00000000000000000000000000000000
                  86,          7,32'h00000141 ,    RD,128'h00000000000000000000000000000000 ,9'h00a ,18'h00000 ,4'h1 ,18'h00000_18'h00000_18'h00000_18'h00000_18'h00000_18'h00000_18'h00000_18'h00000 ,18'h00000_18'h00000_18'h00000_18'h00000_18'h00000_18'h00000_18'h00000_18'h00000,4'h0_4'h0_4'h0_4'h0_4'h0_4'h0_4'h0_4'h0,4'h1_4'h0_4'h0_4'h0_4'h0_4'h0_4'h0_4'h0,1'h3,     RD,1'h0,   NOOP,1'h0,   NOOP,1'h0,   NOOP,1'h0,   NOOP,1'h0,   NOOP,     I$,    MEM, 32'h00000141, 128'h00000000000000000000000000000000
                  96,          8,32'h00000181 ,    RD,128'h00000000000000000000000000000000 ,9'h00c ,18'h00000 ,4'h1 ,18'h00000_18'h00000_18'h00000_18'h00000_18'h00000_18'h00000_18'h00000_18'h00000 ,18'h00000_18'h00000_18'h00000_18'h00000_18'h00000_18'h00000_18'h00000_18'h00000,4'h0_4'h0_4'h0_4'h0_4'h0_4'h0_4'h0_4'h0,4'h1_4'h0_4'h0_4'h0_4'h0_4'h0_4'h0_4'h0,1'h3,     RD,1'h0,   NOOP,1'h0,   NOOP,1'h0,   NOOP,1'h0,   NOOP,1'h0,   NOOP,     I$,    MEM, 32'h00000181, 128'h00000000000000000000000000000000
                 106,          9,32'h000001c1 ,    RD,128'h00000000000000000000000000000000 ,9'h00e ,18'h00000 ,4'h1 ,18'h00000_18'h00000_18'h00000_18'h00000_18'h00000_18'h00000_18'h00000_18'h00000 ,18'h00000_18'h00000_18'h00000_18'h00000_18'h00000_18'h00000_18'h00000_18'h00000,4'h0_4'h0_4'h0_4'h0_4'h0_4'h0_4'h0_4'h0,4'h1_4'h0_4'h0_4'h0_4'h0_4'h0_4'h0_4'h0,1'h3,     RD,1'h0,   NOOP,1'h0,   NOOP,1'h0,   NOOP,1'h0,   NOOP,1'h0,   NOOP,     I$,    MEM, 32'h000001c1, 128'h00000000000000000000000000000000
                 116,         10,32'h00000201 ,    RD,128'h00000000000000000000000000000000 ,9'h010 ,18'h00000 ,4'h1 ,18'h00000_18'h00000_18'h00000_18'h00000_18'h00000_18'h00000_18'h00000_18'h00000 ,18'h00000_18'h00000_18'h00000_18'h00000_18'h00000_18'h00000_18'h00000_18'h00000,4'h0_4'h0_4'h0_4'h0_4'h0_4'h0_4'h0_4'h0,4'h1_4'h0_4'h0_4'h0_4'h0_4'h0_4'h0_4'h0,1'h3,     RD,1'h0,   NOOP,1'h0,   NOOP,1'h0,   NOOP,1'h0,   NOOP,1'h0,   NOOP,     I$,    MEM, 32'h00000201, 128'h00000000000000000000000000000000
                 126,         11,32'h00000241 ,    RD,128'h00000000000000000000000000000000 ,9'h012 ,18'h00000 ,4'h1 ,18'h00000_18'h00000_18'h00000_18'h00000_18'h00000_18'h00000_18'h00000_18'h00000 ,18'h00000_18'h00000_18'h00000_18'h00000_18'h00000_18'h00000_18'h00000_18'h00000,4'h0_4'h0_4'h0_4'h0_4'h0_4'h0_4'h0_4'h0,4'h1_4'h0_4'h0_4'h0_4'h0_4'h0_4'h0_4'h0,1'h3,     RD,1'h0,   NOOP,1'h0,   NOOP,1'h0,   NOOP,1'h0,   NOOP,1'h0,   NOOP,     I$,    MEM, 32'h00000241, 128'h00000000000000000000000000000000
                 136,         12,32'h00000081 ,    WR,128'h00000000000000000000000000000000 ,9'h004 ,18'h00000 ,4'h1 ,18'h00000_18'h00000_18'h00000_18'h00000_18'h00000_18'h00000_18'h00000_18'h00000 ,18'h00000_18'h00000_18'h00000_18'h00000_18'h00000_18'h00000_18'h00000_18'h00000,4'h1_4'h0_4'h0_4'h0_4'h0_4'h0_4'h0_4'h0,4'h1_4'h0_4'h0_4'h0_4'h0_4'h0_4'h0_4'h0,1'h0,   NOOP,1'h0,   NOOP,1'h0,   NOOP,1'h1,     WR,1'h0,   NOOP,1'h0,   NOOP,    MEM,     I$, 32'h00000081, 128'h00000000000000000000000000000000
                 146,         13,32'h00000281 ,    RD,128'h00000000000000000000000000000000 ,9'h014 ,18'h00000 ,4'h1 ,18'h00000_18'h00000_18'h00000_18'h00000_18'h00000_18'h00000_18'h00000_18'h00000 ,18'h00000_18'h00000_18'h00000_18'h00000_18'h00000_18'h00000_18'h00000_18'h00000,4'h0_4'h0_4'h0_4'h0_4'h0_4'h0_4'h0_4'h0,4'h1_4'h0_4'h0_4'h0_4'h0_4'h0_4'h0_4'h0,1'h3,     RD,1'h0,   NOOP,1'h0,   NOOP,1'h0,   NOOP,1'h0,   NOOP,1'h0,   NOOP,     I$,    MEM, 32'h00000281, 128'h00000000000000000000000000000000
                 156,         14,32'h000002c1 ,    RD,128'h00000000000000000000000000000000 ,9'h016 ,18'h00000 ,4'h1 ,18'h00000_18'h00000_18'h00000_18'h00000_18'h00000_18'h00000_18'h00000_18'h00000 ,18'h00000_18'h00000_18'h00000_18'h00000_18'h00000_18'h00000_18'h00000_18'h00000,4'h0_4'h0_4'h0_4'h0_4'h0_4'h0_4'h0_4'h0,4'h1_4'h0_4'h0_4'h0_4'h0_4'h0_4'h0_4'h0,1'h3,     RD,1'h0,   NOOP,1'h0,   NOOP,1'h0,   NOOP,1'h0,   NOOP,1'h0,   NOOP,     I$,    MEM, 32'h000002c1, 128'h00000000000000000000000000000000
                 166,         15,32'h00000301 ,    RD,128'h00000000000000000000000000000000 ,9'h018 ,18'h00000 ,4'h1 ,18'h00000_18'h00000_18'h00000_18'h00000_18'h00000_18'h00000_18'h00000_18'h00000 ,18'h00000_18'h00000_18'h00000_18'h00000_18'h00000_18'h00000_18'h00000_18'h00000,4'h0_4'h0_4'h0_4'h0_4'h0_4'h0_4'h0_4'h0,4'h1_4'h0_4'h0_4'h0_4'h0_4'h0_4'h0_4'h0,1'h3,     RD,1'h0,   NOOP,1'h0,   NOOP,1'h0,   NOOP,1'h0,   NOOP,1'h0,   NOOP,     I$,    MEM, 32'h00000301, 128'h00000000000000000000000000000000
                 176,         16,32'h00000081 ,    RD,128'h00000000000000000000000000000000 ,9'h004 ,18'h00000 ,4'h1 ,18'h00000_18'h00000_18'h00000_18'h00000_18'h00000_18'h00000_18'h00000_18'h00000 ,18'h00000_18'h00000_18'h00000_18'h00000_18'h00000_18'h00000_18'h00000_18'h00000,4'h1_4'h0_4'h0_4'h0_4'h0_4'h0_4'h0_4'h0,4'h1_4'h0_4'h0_4'h0_4'h0_4'h0_4'h0_4'h0,1'h3,     RD,1'h0,   NOOP,1'h0,   NOOP,1'h0,   NOOP,1'h0,   NOOP,1'h0,   NOOP,     I$,    MEM, 32'h00000081, 128'h00000000000000000000000000000000
                 186,         17,32'h000003c1 ,    RD,128'h00000000000000000000000000000000 ,9'h01e ,18'h00000 ,4'h1 ,18'h00000_18'h00000_18'h00000_18'h00000_18'h00000_18'h00000_18'h00000_18'h00000 ,18'h00000_18'h00000_18'h00000_18'h00000_18'h00000_18'h00000_18'h00000_18'h00000,4'h0_4'h0_4'h0_4'h0_4'h0_4'h0_4'h0_4'h0,4'h1_4'h0_4'h0_4'h0_4'h0_4'h0_4'h0_4'h0,1'h3,     RD,1'h0,   NOOP,1'h0,   NOOP,1'h0,   NOOP,1'h0,   NOOP,1'h0,   NOOP,     I$,    MEM, 32'h000003c1, 128'h00000000000000000000000000000000
                 196,         18,32'h00000101 ,    WR,128'h00000000000000000000000000000000 ,9'h008 ,18'h00000 ,4'h1 ,18'h00000_18'h00000_18'h00000_18'h00000_18'h00000_18'h00000_18'h00000_18'h00000 ,18'h00000_18'h00000_18'h00000_18'h00000_18'h00000_18'h00000_18'h00000_18'h00000,4'h1_4'h0_4'h0_4'h0_4'h0_4'h0_4'h0_4'h0,4'h1_4'h0_4'h0_4'h0_4'h0_4'h0_4'h0_4'h0,1'h0,   NOOP,1'h0,   NOOP,1'h0,   NOOP,1'h1,     WR,1'h0,   NOOP,1'h0,   NOOP,    MEM,     I$, 32'h00000101, 128'h00000000000000000000000000000000
                 206,         19,32'h00000401 ,    RD,128'h00000000000000000000000000000000 ,9'h020 ,18'h00000 ,4'h1 ,18'h00000_18'h00000_18'h00000_18'h00000_18'h00000_18'h00000_18'h00000_18'h00000 ,18'h00000_18'h00000_18'h00000_18'h00000_18'h00000_18'h00000_18'h00000_18'h00000,4'h0_4'h0_4'h0_4'h0_4'h0_4'h0_4'h0_4'h0,4'h1_4'h0_4'h0_4'h0_4'h0_4'h0_4'h0_4'h0,1'h3,     RD,1'h0,   NOOP,1'h0,   NOOP,1'h0,   NOOP,1'h0,   NOOP,1'h0,   NOOP,     I$,    MEM, 32'h00000401, 128'h00000000000000000000000000000000
                 216,         20,32'h00000441 ,    RD,128'h00000000000000000000000000000000 ,9'h022 ,18'h00000 ,4'h1 ,18'h00000_18'h00000_18'h00000_18'h00000_18'h00000_18'h00000_18'h00000_18'h00000 ,18'h00000_18'h00000_18'h00000_18'h00000_18'h00000_18'h00000_18'h00000_18'h00000,4'h0_4'h0_4'h0_4'h0_4'h0_4'h0_4'h0_4'h0,4'h1_4'h0_4'h0_4'h0_4'h0_4'h0_4'h0_4'h0,1'h3,     RD,1'h0,   NOOP,1'h0,   NOOP,1'h0,   NOOP,1'h0,   NOOP,1'h0,   NOOP,     I$,    MEM, 32'h00000441, 128'h00000000000000000000000000000000
                 226,         21,32'h00000481 ,    RD,128'h00000000000000000000000000000000 ,9'h024 ,18'h00000 ,4'h1 ,18'h00000_18'h00000_18'h00000_18'h00000_18'h00000_18'h00000_18'h00000_18'h00000 ,18'h00000_18'h00000_18'h00000_18'h00000_18'h00000_18'h00000_18'h00000_18'h00000,4'h0_4'h0_4'h0_4'h0_4'h0_4'h0_4'h0_4'h0,4'h1_4'h0_4'h0_4'h0_4'h0_4'h0_4'h0_4'h0,1'h3,     RD,1'h0,   NOOP,1'h0,   NOOP,1'h0,   NOOP,1'h0,   NOOP,1'h0,   NOOP,     I$,    MEM, 32'h00000481, 128'h00000000000000000000000000000000
                 236,         22,32'h00000101 ,    RD,128'h00000000000000000000000000000000 ,9'h008 ,18'h00000 ,4'h1 ,18'h00000_18'h00000_18'h00000_18'h00000_18'h00000_18'h00000_18'h00000_18'h00000 ,18'h00000_18'h00000_18'h00000_18'h00000_18'h00000_18'h00000_18'h00000_18'h00000,4'h1_4'h0_4'h0_4'h0_4'h0_4'h0_4'h0_4'h0,4'h1_4'h0_4'h0_4'h0_4'h0_4'h0_4'h0_4'h0,1'h3,     RD,1'h0,   NOOP,1'h0,   NOOP,1'h0,   NOOP,1'h0,   NOOP,1'h0,   NOOP,     I$,    MEM, 32'h00000101, 128'h00000000000000000000000000000000
                 246,         23,32'h00000541 ,    RD,128'h00000000000000000000000000000000 ,9'h02a ,18'h00000 ,4'h1 ,18'h00000_18'h00000_18'h00000_18'h00000_18'h00000_18'h00000_18'h00000_18'h00000 ,18'h00000_18'h00000_18'h00000_18'h00000_18'h00000_18'h00000_18'h00000_18'h00000,4'h0_4'h0_4'h0_4'h0_4'h0_4'h0_4'h0_4'h0,4'h1_4'h0_4'h0_4'h0_4'h0_4'h0_4'h0_4'h0,1'h3,     RD,1'h0,   NOOP,1'h0,   NOOP,1'h0,   NOOP,1'h0,   NOOP,1'h0,   NOOP,     I$,    MEM, 32'h00000541, 128'h00000000000000000000000000000000
                 256,         24,32'h00000141 ,    WR,128'h00000000000000000000000000000000 ,9'h00a ,18'h00000 ,4'h1 ,18'h00000_18'h00000_18'h00000_18'h00000_18'h00000_18'h00000_18'h00000_18'h00000 ,18'h00000_18'h00000_18'h00000_18'h00000_18'h00000_18'h00000_18'h00000_18'h00000,4'h1_4'h0_4'h0_4'h0_4'h0_4'h0_4'h0_4'h0,4'h1_4'h0_4'h0_4'h0_4'h0_4'h0_4'h0_4'h0,1'h0,   NOOP,1'h0,   NOOP,1'h0,   NOOP,1'h1,     WR,1'h0,   NOOP,1'h0,   NOOP,    MEM,     I$, 32'h00000141, 128'h00000000000000000000000000000000
                 266,         25,32'h00000581 ,    RD,128'h00000000000000000000000000000000 ,9'h02c ,18'h00000 ,4'h1 ,18'h00000_18'h00000_18'h00000_18'h00000_18'h00000_18'h00000_18'h00000_18'h00000 ,18'h00000_18'h00000_18'h00000_18'h00000_18'h00000_18'h00000_18'h00000_18'h00000,4'h0_4'h0_4'h0_4'h0_4'h0_4'h0_4'h0_4'h0,4'h1_4'h0_4'h0_4'h0_4'h0_4'h0_4'h0_4'h0,1'h3,     RD,1'h0,   NOOP,1'h0,   NOOP,1'h0,   NOOP,1'h0,   NOOP,1'h0,   NOOP,     I$,    MEM, 32'h00000581, 128'h00000000000000000000000000000000
                 276,         26,32'h000005c1 ,    RD,128'h00000000000000000000000000000000 ,9'h02e ,18'h00000 ,4'h1 ,18'h00000_18'h00000_18'h00000_18'h00000_18'h00000_18'h00000_18'h00000_18'h00000 ,18'h00000_18'h00000_18'h00000_18'h00000_18'h00000_18'h00000_18'h00000_18'h00000,4'h0_4'h0_4'h0_4'h0_4'h0_4'h0_4'h0_4'h0,4'h1_4'h0_4'h0_4'h0_4'h0_4'h0_4'h0_4'h0,1'h3,     RD,1'h0,   NOOP,1'h0,   NOOP,1'h0,   NOOP,1'h0,   NOOP,1'h0,   NOOP,     I$,    MEM, 32'h000005c1, 128'h00000000000000000000000000000000
                 286,         27,32'h00000601 ,    RD,128'h00000000000000000000000000000000 ,9'h030 ,18'h00000 ,4'h1 ,18'h00000_18'h00000_18'h00000_18'h00000_18'h00000_18'h00000_18'h00000_18'h00000 ,18'h00000_18'h00000_18'h00000_18'h00000_18'h00000_18'h00000_18'h00000_18'h00000,4'h0_4'h0_4'h0_4'h0_4'h0_4'h0_4'h0_4'h0,4'h1_4'h0_4'h0_4'h0_4'h0_4'h0_4'h0_4'h0,1'h3,     RD,1'h0,   NOOP,1'h0,   NOOP,1'h0,   NOOP,1'h0,   NOOP,1'h0,   NOOP,     I$,    MEM, 32'h00000601, 128'h00000000000000000000000000000000
                 296,         28,32'h00000141 ,    RD,128'h00000000000000000000000000000000 ,9'h00a ,18'h00000 ,4'h1 ,18'h00000_18'h00000_18'h00000_18'h00000_18'h00000_18'h00000_18'h00000_18'h00000 ,18'h00000_18'h00000_18'h00000_18'h00000_18'h00000_18'h00000_18'h00000_18'h00000,4'h1_4'h0_4'h0_4'h0_4'h0_4'h0_4'h0_4'h0,4'h1_4'h0_4'h0_4'h0_4'h0_4'h0_4'h0_4'h0,1'h3,     RD,1'h0,   NOOP,1'h0,   NOOP,1'h0,   NOOP,1'h0,   NOOP,1'h0,   NOOP,     I$,    MEM, 32'h00000141, 128'h00000000000000000000000000000000
                 306,         29,32'h000006c1 ,    RD,128'h00000000000000000000000000000000 ,9'h036 ,18'h00000 ,4'h1 ,18'h00000_18'h00000_18'h00000_18'h00000_18'h00000_18'h00000_18'h00000_18'h00000 ,18'h00000_18'h00000_18'h00000_18'h00000_18'h00000_18'h00000_18'h00000_18'h00000,4'h0_4'h0_4'h0_4'h0_4'h0_4'h0_4'h0_4'h0,4'h1_4'h0_4'h0_4'h0_4'h0_4'h0_4'h0_4'h0,1'h3,     RD,1'h0,   NOOP,1'h0,   NOOP,1'h0,   NOOP,1'h0,   NOOP,1'h0,   NOOP,     I$,    MEM, 32'h000006c1, 128'h00000000000000000000000000000000
                 316,         30,32'h00000181 ,    WR,128'h00000000000000000000000000000000 ,9'h00c ,18'h00000 ,4'h1 ,18'h00000_18'h00000_18'h00000_18'h00000_18'h00000_18'h00000_18'h00000_18'h00000 ,18'h00000_18'h00000_18'h00000_18'h00000_18'h00000_18'h00000_18'h00000_18'h00000,4'h1_4'h0_4'h0_4'h0_4'h0_4'h0_4'h0_4'h0,4'h1_4'h0_4'h0_4'h0_4'h0_4'h0_4'h0_4'h0,1'h0,   NOOP,1'h0,   NOOP,1'h0,   NOOP,1'h1,     WR,1'h0,   NOOP,1'h0,   NOOP,    MEM,     I$, 32'h00000181, 128'h00000000000000000000000000000000
                 326,         31,32'h00000701 ,    RD,128'h00000000000000000000000000000000 ,9'h038 ,18'h00000 ,4'h1 ,18'h00000_18'h00000_18'h00000_18'h00000_18'h00000_18'h00000_18'h00000_18'h00000 ,18'h00000_18'h00000_18'h00000_18'h00000_18'h00000_18'h00000_18'h00000_18'h00000,4'h0_4'h0_4'h0_4'h0_4'h0_4'h0_4'h0_4'h0,4'h1_4'h0_4'h0_4'h0_4'h0_4'h0_4'h0_4'h0,1'h3,     RD,1'h0,   NOOP,1'h0,   NOOP,1'h0,   NOOP,1'h0,   NOOP,1'h0,   NOOP,     I$,    MEM, 32'h00000701, 128'h00000000000000000000000000000000
                 336,         32,32'h00000741 ,    RD,128'h00000000000000000000000000000000 ,9'h03a ,18'h00000 ,4'h1 ,18'h00000_18'h00000_18'h00000_18'h00000_18'h00000_18'h00000_18'h00000_18'h00000 ,18'h00000_18'h00000_18'h00000_18'h00000_18'h00000_18'h00000_18'h00000_18'h00000,4'h0_4'h0_4'h0_4'h0_4'h0_4'h0_4'h0_4'h0,4'h1_4'h0_4'h0_4'h0_4'h0_4'h0_4'h0_4'h0,1'h3,     RD,1'h0,   NOOP,1'h0,   NOOP,1'h0,   NOOP,1'h0,   NOOP,1'h0,   NOOP,     I$,    MEM, 32'h00000741, 128'h00000000000000000000000000000000
                 346,         33,32'h00000781 ,    RD,128'h00000000000000000000000000000000 ,9'h03c ,18'h00000 ,4'h1 ,18'h00000_18'h00000_18'h00000_18'h00000_18'h00000_18'h00000_18'h00000_18'h00000 ,18'h00000_18'h00000_18'h00000_18'h00000_18'h00000_18'h00000_18'h00000_18'h00000,4'h0_4'h0_4'h0_4'h0_4'h0_4'h0_4'h0_4'h0,4'h1_4'h0_4'h0_4'h0_4'h0_4'h0_4'h0_4'h0,1'h3,     RD,1'h0,   NOOP,1'h0,   NOOP,1'h0,   NOOP,1'h0,   NOOP,1'h0,   NOOP,     I$,    MEM, 32'h00000781, 128'h00000000000000000000000000000000
                 356,         34,32'h00000181 ,    RD,128'h00000000000000000000000000000000 ,9'h00c ,18'h00000 ,4'h1 ,18'h00000_18'h00000_18'h00000_18'h00000_18'h00000_18'h00000_18'h00000_18'h00000 ,18'h00000_18'h00000_18'h00000_18'h00000_18'h00000_18'h00000_18'h00000_18'h00000,4'h1_4'h0_4'h0_4'h0_4'h0_4'h0_4'h0_4'h0,4'h1_4'h0_4'h0_4'h0_4'h0_4'h0_4'h0_4'h0,1'h3,     RD,1'h0,   NOOP,1'h0,   NOOP,1'h0,   NOOP,1'h0,   NOOP,1'h0,   NOOP,     I$,    MEM, 32'h00000181, 128'h00000000000000000000000000000000
                 366,         35,32'h00000841 ,    RD,128'h00000000000000000000000000000000 ,9'h042 ,18'h00000 ,4'h1 ,18'h00000_18'h00000_18'h00000_18'h00000_18'h00000_18'h00000_18'h00000_18'h00000 ,18'h00000_18'h00000_18'h00000_18'h00000_18'h00000_18'h00000_18'h00000_18'h00000,4'h0_4'h0_4'h0_4'h0_4'h0_4'h0_4'h0_4'h0,4'h1_4'h0_4'h0_4'h0_4'h0_4'h0_4'h0_4'h0,1'h3,     RD,1'h0,   NOOP,1'h0,   NOOP,1'h0,   NOOP,1'h0,   NOOP,1'h0,   NOOP,     I$,    MEM, 32'h00000841, 128'h00000000000000000000000000000000
                 376,         36,32'h000001c1 ,    WR,128'h00000000000000000000000000000000 ,9'h00e ,18'h00000 ,4'h1 ,18'h00000_18'h00000_18'h00000_18'h00000_18'h00000_18'h00000_18'h00000_18'h00000 ,18'h00000_18'h00000_18'h00000_18'h00000_18'h00000_18'h00000_18'h00000_18'h00000,4'h1_4'h0_4'h0_4'h0_4'h0_4'h0_4'h0_4'h0,4'h1_4'h0_4'h0_4'h0_4'h0_4'h0_4'h0_4'h0,1'h0,   NOOP,1'h0,   NOOP,1'h0,   NOOP,1'h1,     WR,1'h0,   NOOP,1'h0,   NOOP,    MEM,     I$, 32'h000001c1, 128'h00000000000000000000000000000000
                 386,         37,32'h00000881 ,    RD,128'h00000000000000000000000000000000 ,9'h044 ,18'h00000 ,4'h1 ,18'h00000_18'h00000_18'h00000_18'h00000_18'h00000_18'h00000_18'h00000_18'h00000 ,18'h00000_18'h00000_18'h00000_18'h00000_18'h00000_18'h00000_18'h00000_18'h00000,4'h0_4'h0_4'h0_4'h0_4'h0_4'h0_4'h0_4'h0,4'h1_4'h0_4'h0_4'h0_4'h0_4'h0_4'h0_4'h0,1'h3,     RD,1'h0,   NOOP,1'h0,   NOOP,1'h0,   NOOP,1'h0,   NOOP,1'h0,   NOOP,     I$,    MEM, 32'h00000881, 128'h00000000000000000000000000000000
                 396,         38,32'h000008c1 ,    RD,128'h00000000000000000000000000000000 ,9'h046 ,18'h00000 ,4'h1 ,18'h00000_18'h00000_18'h00000_18'h00000_18'h00000_18'h00000_18'h00000_18'h00000 ,18'h00000_18'h00000_18'h00000_18'h00000_18'h00000_18'h00000_18'h00000_18'h00000,4'h0_4'h0_4'h0_4'h0_4'h0_4'h0_4'h0_4'h0,4'h1_4'h0_4'h0_4'h0_4'h0_4'h0_4'h0_4'h0,1'h3,     RD,1'h0,   NOOP,1'h0,   NOOP,1'h0,   NOOP,1'h0,   NOOP,1'h0,   NOOP,     I$,    MEM, 32'h000008c1, 128'h00000000000000000000000000000000
                 406,         39,32'h00000901 ,    RD,128'h00000000000000000000000000000000 ,9'h048 ,18'h00000 ,4'h1 ,18'h00000_18'h00000_18'h00000_18'h00000_18'h00000_18'h00000_18'h00000_18'h00000 ,18'h00000_18'h00000_18'h00000_18'h00000_18'h00000_18'h00000_18'h00000_18'h00000,4'h0_4'h0_4'h0_4'h0_4'h0_4'h0_4'h0_4'h0,4'h1_4'h0_4'h0_4'h0_4'h0_4'h0_4'h0_4'h0,1'h3,     RD,1'h0,   NOOP,1'h0,   NOOP,1'h0,   NOOP,1'h0,   NOOP,1'h0,   NOOP,     I$,    MEM, 32'h00000901, 128'h00000000000000000000000000000000
                 416,         40,32'h000001c1 ,    RD,128'h00000000000000000000000000000000 ,9'h00e ,18'h00000 ,4'h1 ,18'h00000_18'h00000_18'h00000_18'h00000_18'h00000_18'h00000_18'h00000_18'h00000 ,18'h00000_18'h00000_18'h00000_18'h00000_18'h00000_18'h00000_18'h00000_18'h00000,4'h1_4'h0_4'h0_4'h0_4'h0_4'h0_4'h0_4'h0,4'h1_4'h0_4'h0_4'h0_4'h0_4'h0_4'h0_4'h0,1'h3,     RD,1'h0,   NOOP,1'h0,   NOOP,1'h0,   NOOP,1'h0,   NOOP,1'h0,   NOOP,     I$,    MEM, 32'h000001c1, 128'h00000000000000000000000000000000
                 426,         41,32'h000009c1 ,    RD,128'h00000000000000000000000000000000 ,9'h04e ,18'h00000 ,4'h1 ,18'h00000_18'h00000_18'h00000_18'h00000_18'h00000_18'h00000_18'h00000_18'h00000 ,18'h00000_18'h00000_18'h00000_18'h00000_18'h00000_18'h00000_18'h00000_18'h00000,4'h0_4'h0_4'h0_4'h0_4'h0_4'h0_4'h0_4'h0,4'h1_4'h0_4'h0_4'h0_4'h0_4'h0_4'h0_4'h0,1'h3,     RD,1'h0,   NOOP,1'h0,   NOOP,1'h0,   NOOP,1'h0,   NOOP,1'h0,   NOOP,     I$,    MEM, 32'h000009c1, 128'h00000000000000000000000000000000
                 436,         42,32'h00000201 ,    WR,128'h00000000000000000000000000000000 ,9'h010 ,18'h00000 ,4'h1 ,18'h00000_18'h00000_18'h00000_18'h00000_18'h00000_18'h00000_18'h00000_18'h00000 ,18'h00000_18'h00000_18'h00000_18'h00000_18'h00000_18'h00000_18'h00000_18'h00000,4'h1_4'h0_4'h0_4'h0_4'h0_4'h0_4'h0_4'h0,4'h1_4'h0_4'h0_4'h0_4'h0_4'h0_4'h0_4'h0,1'h0,   NOOP,1'h0,   NOOP,1'h0,   NOOP,1'h1,     WR,1'h0,   NOOP,1'h0,   NOOP,    MEM,     I$, 32'h00000201, 128'h00000000000000000000000000000000
                 446,         43,32'h00000a01 ,    RD,128'h00000000000000000000000000000000 ,9'h050 ,18'h00000 ,4'h1 ,18'h00000_18'h00000_18'h00000_18'h00000_18'h00000_18'h00000_18'h00000_18'h00000 ,18'h00000_18'h00000_18'h00000_18'h00000_18'h00000_18'h00000_18'h00000_18'h00000,4'h0_4'h0_4'h0_4'h0_4'h0_4'h0_4'h0_4'h0,4'h1_4'h0_4'h0_4'h0_4'h0_4'h0_4'h0_4'h0,1'h3,     RD,1'h0,   NOOP,1'h0,   NOOP,1'h0,   NOOP,1'h0,   NOOP,1'h0,   NOOP,     I$,    MEM, 32'h00000a01, 128'h00000000000000000000000000000000
                 456,         44,32'h00000a41 ,    RD,128'h00000000000000000000000000000000 ,9'h052 ,18'h00000 ,4'h1 ,18'h00000_18'h00000_18'h00000_18'h00000_18'h00000_18'h00000_18'h00000_18'h00000 ,18'h00000_18'h00000_18'h00000_18'h00000_18'h00000_18'h00000_18'h00000_18'h00000,4'h0_4'h0_4'h0_4'h0_4'h0_4'h0_4'h0_4'h0,4'h1_4'h0_4'h0_4'h0_4'h0_4'h0_4'h0_4'h0,1'h3,     RD,1'h0,   NOOP,1'h0,   NOOP,1'h0,   NOOP,1'h0,   NOOP,1'h0,   NOOP,     I$,    MEM, 32'h00000a41, 128'h00000000000000000000000000000000
                 466,         45,32'h00000a81 ,    RD,128'h00000000000000000000000000000000 ,9'h054 ,18'h00000 ,4'h1 ,18'h00000_18'h00000_18'h00000_18'h00000_18'h00000_18'h00000_18'h00000_18'h00000 ,18'h00000_18'h00000_18'h00000_18'h00000_18'h00000_18'h00000_18'h00000_18'h00000,4'h0_4'h0_4'h0_4'h0_4'h0_4'h0_4'h0_4'h0,4'h1_4'h0_4'h0_4'h0_4'h0_4'h0_4'h0_4'h0,1'h3,     RD,1'h0,   NOOP,1'h0,   NOOP,1'h0,   NOOP,1'h0,   NOOP,1'h0,   NOOP,     I$,    MEM, 32'h00000a81, 128'h00000000000000000000000000000000
                 476,         46,32'h00000201 ,    RD,128'h00000000000000000000000000000000 ,9'h010 ,18'h00000 ,4'h1 ,18'h00000_18'h00000_18'h00000_18'h00000_18'h00000_18'h00000_18'h00000_18'h00000 ,18'h00000_18'h00000_18'h00000_18'h00000_18'h00000_18'h00000_18'h00000_18'h00000,4'h1_4'h0_4'h0_4'h0_4'h0_4'h0_4'h0_4'h0,4'h1_4'h0_4'h0_4'h0_4'h0_4'h0_4'h0_4'h0,1'h3,     RD,1'h0,   NOOP,1'h0,   NOOP,1'h0,   NOOP,1'h0,   NOOP,1'h0,   NOOP,     I$,    MEM, 32'h00000201, 128'h00000000000000000000000000000000
                 486,         47,32'h00000b41 ,    RD,128'h00000000000000000000000000000000 ,9'h05a ,18'h00000 ,4'h1 ,18'h00000_18'h00000_18'h00000_18'h00000_18'h00000_18'h00000_18'h00000_18'h00000 ,18'h00000_18'h00000_18'h00000_18'h00000_18'h00000_18'h00000_18'h00000_18'h00000,4'h0_4'h0_4'h0_4'h0_4'h0_4'h0_4'h0_4'h0,4'h1_4'h0_4'h0_4'h0_4'h0_4'h0_4'h0_4'h0,1'h3,     RD,1'h0,   NOOP,1'h0,   NOOP,1'h0,   NOOP,1'h0,   NOOP,1'h0,   NOOP,     I$,    MEM, 32'h00000b41, 128'h00000000000000000000000000000000
                 496,         48,32'h00000241 ,    WR,128'h00000000000000000000000000000000 ,9'h012 ,18'h00000 ,4'h1 ,18'h00000_18'h00000_18'h00000_18'h00000_18'h00000_18'h00000_18'h00000_18'h00000 ,18'h00000_18'h00000_18'h00000_18'h00000_18'h00000_18'h00000_18'h00000_18'h00000,4'h1_4'h0_4'h0_4'h0_4'h0_4'h0_4'h0_4'h0,4'h1_4'h0_4'h0_4'h0_4'h0_4'h0_4'h0_4'h0,1'h0,   NOOP,1'h0,   NOOP,1'h0,   NOOP,1'h1,     WR,1'h0,   NOOP,1'h0,   NOOP,    MEM,     I$, 32'h00000241, 128'h00000000000000000000000000000000
                 506,         49,32'h00000b81 ,    RD,128'h00000000000000000000000000000000 ,9'h05c ,18'h00000 ,4'h1 ,18'h00000_18'h00000_18'h00000_18'h00000_18'h00000_18'h00000_18'h00000_18'h00000 ,18'h00000_18'h00000_18'h00000_18'h00000_18'h00000_18'h00000_18'h00000_18'h00000,4'h0_4'h0_4'h0_4'h0_4'h0_4'h0_4'h0_4'h0,4'h1_4'h0_4'h0_4'h0_4'h0_4'h0_4'h0_4'h0,1'h3,     RD,1'h0,   NOOP,1'h0,   NOOP,1'h0,   NOOP,1'h0,   NOOP,1'h0,   NOOP,     I$,    MEM, 32'h00000b81, 128'h00000000000000000000000000000000
                 516,         50,32'h00000bc1 ,    RD,128'h00000000000000000000000000000000 ,9'h05e ,18'h00000 ,4'h1 ,18'h00000_18'h00000_18'h00000_18'h00000_18'h00000_18'h00000_18'h00000_18'h00000 ,18'h00000_18'h00000_18'h00000_18'h00000_18'h00000_18'h00000_18'h00000_18'h00000,4'h0_4'h0_4'h0_4'h0_4'h0_4'h0_4'h0_4'h0,4'h1_4'h0_4'h0_4'h0_4'h0_4'h0_4'h0_4'h0,1'h3,     RD,1'h0,   NOOP,1'h0,   NOOP,1'h0,   NOOP,1'h0,   NOOP,1'h0,   NOOP,     I$,    MEM, 32'h00000bc1, 128'h00000000000000000000000000000000
                 526,         51,32'h00000c01 ,    RD,128'h00000000000000000000000000000000 ,9'h060 ,18'h00000 ,4'h1 ,18'h00000_18'h00000_18'h00000_18'h00000_18'h00000_18'h00000_18'h00000_18'h00000 ,18'h00000_18'h00000_18'h00000_18'h00000_18'h00000_18'h00000_18'h00000_18'h00000,4'h0_4'h0_4'h0_4'h0_4'h0_4'h0_4'h0_4'h0,4'h1_4'h0_4'h0_4'h0_4'h0_4'h0_4'h0_4'h0,1'h3,     RD,1'h0,   NOOP,1'h0,   NOOP,1'h0,   NOOP,1'h0,   NOOP,1'h0,   NOOP,     I$,    MEM, 32'h00000c01, 128'h00000000000000000000000000000000
                 536,         52,32'h00000241 ,    RD,128'h00000000000000000000000000000000 ,9'h012 ,18'h00000 ,4'h1 ,18'h00000_18'h00000_18'h00000_18'h00000_18'h00000_18'h00000_18'h00000_18'h00000 ,18'h00000_18'h00000_18'h00000_18'h00000_18'h00000_18'h00000_18'h00000_18'h00000,4'h1_4'h0_4'h0_4'h0_4'h0_4'h0_4'h0_4'h0,4'h1_4'h0_4'h0_4'h0_4'h0_4'h0_4'h0_4'h0,1'h3,     RD,1'h0,   NOOP,1'h0,   NOOP,1'h0,   NOOP,1'h0,   NOOP,1'h0,   NOOP,     I$,    MEM, 32'h00000241, 128'h00000000000000000000000000000000
                 546,         53,32'h00000cc1 ,    RD,128'h00000000000000000000000000000000 ,9'h066 ,18'h00000 ,4'h1 ,18'h00000_18'h00000_18'h00000_18'h00000_18'h00000_18'h00000_18'h00000_18'h00000 ,18'h00000_18'h00000_18'h00000_18'h00000_18'h00000_18'h00000_18'h00000_18'h00000,4'h0_4'h0_4'h0_4'h0_4'h0_4'h0_4'h0_4'h0,4'h1_4'h0_4'h0_4'h0_4'h0_4'h0_4'h0_4'h0,1'h3,     RD,1'h0,   NOOP,1'h0,   NOOP,1'h0,   NOOP,1'h0,   NOOP,1'h0,   NOOP,     I$,    MEM, 32'h00000cc1, 128'h00000000000000000000000000000000
                 556,         54,32'h00000a81 ,    WR,128'h00000000000000000000000000000000 ,9'h054 ,18'h00000 ,4'h1 ,18'h00000_18'h00000_18'h00000_18'h00000_18'h00000_18'h00000_18'h00000_18'h00000 ,18'h00000_18'h00000_18'h00000_18'h00000_18'h00000_18'h00000_18'h00000_18'h00000,4'h1_4'h0_4'h0_4'h0_4'h0_4'h0_4'h0_4'h0,4'h1_4'h0_4'h0_4'h0_4'h0_4'h0_4'h0_4'h0,1'h0,   NOOP,1'h0,   NOOP,1'h0,   NOOP,1'h1,     WR,1'h0,   NOOP,1'h0,   NOOP,    MEM,     I$, 32'h00000a81, 128'h00000000000000000000000000000000
                 566,         55,32'h00000d01 ,    RD,128'h00000000000000000000000000000000 ,9'h068 ,18'h00000 ,4'h1 ,18'h00000_18'h00000_18'h00000_18'h00000_18'h00000_18'h00000_18'h00000_18'h00000 ,18'h00000_18'h00000_18'h00000_18'h00000_18'h00000_18'h00000_18'h00000_18'h00000,4'h0_4'h0_4'h0_4'h0_4'h0_4'h0_4'h0_4'h0,4'h1_4'h0_4'h0_4'h0_4'h0_4'h0_4'h0_4'h0,1'h3,     RD,1'h0,   NOOP,1'h0,   NOOP,1'h0,   NOOP,1'h0,   NOOP,1'h0,   NOOP,     I$,    MEM, 32'h00000d01, 128'h00000000000000000000000000000000
                 576,         56,32'h00000d41 ,    RD,128'h00000000000000000000000000000000 ,9'h06a ,18'h00000 ,4'h1 ,18'h00000_18'h00000_18'h00000_18'h00000_18'h00000_18'h00000_18'h00000_18'h00000 ,18'h00000_18'h00000_18'h00000_18'h00000_18'h00000_18'h00000_18'h00000_18'h00000,4'h0_4'h0_4'h0_4'h0_4'h0_4'h0_4'h0_4'h0,4'h1_4'h0_4'h0_4'h0_4'h0_4'h0_4'h0_4'h0,1'h3,     RD,1'h0,   NOOP,1'h0,   NOOP,1'h0,   NOOP,1'h0,   NOOP,1'h0,   NOOP,     I$,    MEM, 32'h00000d41, 128'h00000000000000000000000000000000
                 586,         57,32'h00000d81 ,    RD,128'h00000000000000000000000000000000 ,9'h06c ,18'h00000 ,4'h1 ,18'h00000_18'h00000_18'h00000_18'h00000_18'h00000_18'h00000_18'h00000_18'h00000 ,18'h00000_18'h00000_18'h00000_18'h00000_18'h00000_18'h00000_18'h00000_18'h00000,4'h0_4'h0_4'h0_4'h0_4'h0_4'h0_4'h0_4'h0,4'h1_4'h0_4'h0_4'h0_4'h0_4'h0_4'h0_4'h0,1'h3,     RD,1'h0,   NOOP,1'h0,   NOOP,1'h0,   NOOP,1'h0,   NOOP,1'h0,   NOOP,     I$,    MEM, 32'h00000d81, 128'h00000000000000000000000000000000
                 596,         58,32'h00000a81 ,    RD,128'h00000000000000000000000000000000 ,9'h054 ,18'h00000 ,4'h1 ,18'h00000_18'h00000_18'h00000_18'h00000_18'h00000_18'h00000_18'h00000_18'h00000 ,18'h00000_18'h00000_18'h00000_18'h00000_18'h00000_18'h00000_18'h00000_18'h00000,4'h1_4'h0_4'h0_4'h0_4'h0_4'h0_4'h0_4'h0,4'h1_4'h0_4'h0_4'h0_4'h0_4'h0_4'h0_4'h0,1'h3,     RD,1'h0,   NOOP,1'h0,   NOOP,1'h0,   NOOP,1'h0,   NOOP,1'h0,   NOOP,     I$,    MEM, 32'h00000a81, 128'h00000000000000000000000000000000
                 606,         59,32'h00000e41 ,    RD,128'h00000000000000000000000000000000 ,9'h072 ,18'h00000 ,4'h1 ,18'h00000_18'h00000_18'h00000_18'h00000_18'h00000_18'h00000_18'h00000_18'h00000 ,18'h00000_18'h00000_18'h00000_18'h00000_18'h00000_18'h00000_18'h00000_18'h00000,4'h0_4'h0_4'h0_4'h0_4'h0_4'h0_4'h0_4'h0,4'h1_4'h0_4'h0_4'h0_4'h0_4'h0_4'h0_4'h0,1'h3,     RD,1'h0,   NOOP,1'h0,   NOOP,1'h0,   NOOP,1'h0,   NOOP,1'h0,   NOOP,     I$,    MEM, 32'h00000e41, 128'h00000000000000000000000000000000
                 616,         60,32'h00000201 ,    WR,128'h00000000000000000000000000000000 ,9'h010 ,18'h00000 ,4'h1 ,18'h00000_18'h00000_18'h00000_18'h00000_18'h00000_18'h00000_18'h00000_18'h00000 ,18'h00000_18'h00000_18'h00000_18'h00000_18'h00000_18'h00000_18'h00000_18'h00000,4'h1_4'h0_4'h0_4'h0_4'h0_4'h0_4'h0_4'h0,4'h1_4'h0_4'h0_4'h0_4'h0_4'h0_4'h0_4'h0,1'h0,   NOOP,1'h0,   NOOP,1'h0,   NOOP,1'h1,     WR,1'h0,   NOOP,1'h0,   NOOP,    MEM,     I$, 32'h00000201, 128'h00000000000000000000000000000000
